37.39461894813516,31.048738766743682
-8.168345539964115,-12.04439851794491
24.30362861724765,22.209183023386878
21.722843772410094,21.60620056536844
-6.0288367706321155,-3.3978823541593783
33.80126523423946,38.03429807306614
30.085293019797607,34.183712673508
-0.264780563413178,0.37618318837781994
22.472691640053203,21.83062944249625
23.984452814873144,24.39120433637585
-3.8028430369479116,-0.49733863506779286
37.06853420975771,43.78768880662842
7.016899759791036,-2.1444525926627778
-10.017941530653648,-7.936481564602005
0.6096842995907192,2.434644890773728
34.00434589038136,31.17323927484305
4.228766338769219,5.333479043755853
19.918782091023658,20.745606212978586
37.67148986486918,36.34475756348065
22.66607407465024,21.88127240920359
40.75404757653434,49.58473906947764
25.72542507726247,24.76725277961783
26.21996324768534,28.802088401733965
33.01144825882758,32.91200416284941
30.459464264021886,27.897712976198022
4.6910119676475555,4.41171641460195
37.620934674410194,38.34264561796608
-2.294195869399553,-0.0005653981051263746
34.34961931753156,33.029395409432546
22.35929572381096,23.77994326691662
10.397562476994716,4.1725419035762945
31.99442573521211,29.93947683419685
27.446194827005993,27.678605669739156
33.44626152382431,37.273950040722895
2.2879546317237516,3.1026578268844407
35.73848427253585,43.697559447725595
-14.038097342568888,-8.990864739759079
35.17637862624202,39.28865001758882
2.4137986791541657,0.8666880507409438
24.66999800379967,26.990734385050352
36.263915554275705,37.89736225877038
25.5935934333757,24.951626015315448
26.72805159372954,25.10008960324075
14.296428584401275,7.147834580596441
36.04921490424325,31.55718206517087
31.71822452429733,39.583160636859844
42.21072980513807,38.38159976326269
22.338348034108485,18.54040121982375
-6.026316844118101,-8.734481333834866
26.72499283444041,26.351570855483537
30.595255034272242,29.45532261532282
29.760129920363116,19.078367236211786
33.87935498178199,31.155202385037228
38.818682817734796,33.46477805437739
26.180109788388393,26.360651383346465
37.08370938798084,40.83746822488593
-5.095513626015681,-6.854947359560447
36.55136785153406,34.48699454754019
33.73883048995338,32.46081041799061
21.88741327069707,24.55522567711605
-0.005282261271017885,0.5375583082076125
26.045561472888963,24.98915880031373
22.980920666021134,25.072173161806745
-4.910045089930641,-3.095650931715008
11.375679316615052,6.748010250081148
-2.363464925263475,-3.1487897699134697
28.75492407210944,35.24604559077585
35.60293345498092,38.41555166424912
35.65252908489824,37.48624831317127
36.86005214362884,34.94401645377618
28.38044107513271,26.258669561843643
28.346848071147246,30.401512686765855
26.58034279812089,18.72891660449798
9.805027082819521,5.803935794915653
3.282861551519621,2.078564081784938
-1.189975386943878,1.207115544309571
29.139176663092254,25.996011196930016
23.11320843170009,23.29060988268349
-11.112012214360918,-4.389288206156219
31.789302292458594,27.665862141199028
39.48050100343161,49.57672936624594
38.8307960380284,53.710516639798136
27.801915705373112,27.898895865137607
32.167309115305194,30.4841937412734
27.00525138943626,27.597227319850408
-2.651519393542635,-0.06604487368775572
23.407491131464425,24.035012562516144
35.988527333684466,26.14053672003036
22.63918208443663,23.238656232366605
1.47342410001662,4.902382211482477
33.167406113708424,36.266191623613274
29.82879681836259,28.42523268296837
37.220267135740684,40.305016693104406
36.19473956624027,36.84197371637562
37.258996781227346,27.440408932192074
23.237699267647024,23.348618558920673
-7.295184701807867,-2.293443919101692
8.791528804768408,4.220194659527834
-1.3749278962385367,5.909703482346329
21.6917995956619,21.307533943459514
26.141216904381274,25.58067561240532
36.99605082995875,36.755730386470304
2.597134082097056,-0.7091807268649877
0.2638694465359943,-2.4375934113380553
22.186275872184712,24.412839048647133
-7.90444086082345,-2.827444897316489
39.028740770227614,33.87344795579968
-1.2111731311409,2.4020352705253165
33.740181848240695,31.21804898849593
-1.5936182408573147,-3.0931485216433483
35.152821007975,45.227286782973906
38.24671151489906,37.12999378442397
-0.8124646044063506,-3.9177639288553268
36.32652427766343,38.665351160105104
31.84937688729249,20.914810153276292
5.03090739301561,1.7556306485597966
25.22199002989596,24.893641801272953
35.30365411145852,30.988199137483118
37.06933521982515,39.62533683104205
33.14522373446164,31.444343384220623
29.93163237118948,27.686801358572634
23.861949899058434,18.429527824298894
36.44763076068555,44.895944663636435
-4.2210825445686,-3.8289578189991462
22.210590083029885,23.053654021272923
23.715393984354947,26.2011783164824
34.551021583672686,38.11940966680253
11.630015189081387,3.095818960777912
29.53196707580177,35.122448257108
28.40668868258467,27.509581628626012
39.07480851103065,39.153551444116125
-4.6751246294602735,-0.569790207374554
31.159333511506123,31.109766781933793
36.91231014608568,37.452255686063886
0.7252807742471283,-5.472310272688188
25.10070682594243,27.125833849454516
-5.274704973938482,-4.823998327295879
15.36035650377489,3.7862399393087776
0.9597132534462127,2.727447938847543
23.04798165980619,22.13126877533554
27.396471411791467,26.405191313829995
9.958310650235676,1.088600227382397
-0.6596154319395342,-2.553094084803311
38.77901697625192,39.76031267968227
8.284632570609807,1.4746501268880798
30.74831099045928,28.85436268679205
28.47388457240795,26.068684700500885
28.543601333419836,29.247719311734592
32.180710809025946,33.89560933626098
8.879885955740425,4.597423409445137
39.11995447870714,27.516609544398495
28.224292745829338,27.77434702127278
-1.16315884370962,-4.362018046828063
-10.83826260179839,-3.1657327800606816
-7.295437750033827,2.2077055294710286
16.495748158804826,22.896779989975112
5.644166913412336,1.672749237230019
2.9696039904980056,2.9650490050953464
2.9215687339366734,-2.3416940039274032
43.532717193432646,46.75010563378503
36.74804442280091,33.9557887152847
-2.6936192148658336,-4.77936161446282
24.944250602437666,25.724489395142346
25.210776152750316,23.760921304281332
39.3895669962775,39.71372866302537
-2.992334497746647,-1.551336553913999
34.13091245972461,35.215263839551966
38.403574505124304,47.30123244004021
-13.327599044364167,-8.666520879087903
26.857416384910305,23.844000351351553
24.129792835778435,24.990770692515394
25.49827508301904,23.517727011154296
7.626235457965227,3.6921369160465156
-1.1008452330651184,-3.0431653058653083
29.339541068857624,25.806158097001585
26.60011475847289,26.410453765959403
28.171316593281965,24.767493405485705
35.979113060456584,33.122064816530255
8.33897618473387,5.986247276503654
28.215288821183883,27.04867408908472
28.97000684749235,24.65067460967029
27.08443992854849,21.271960686771077
39.96011280266427,41.73030627541645
24.066236464084195,25.812346730819176
4.227420210919404,2.2576495194669635
35.429185633786375,35.873624625587794
39.67436555613287,44.30487912826098
-0.7969638736524336,0.36510635671815256
25.895996039048732,26.106413478504336
29.42138539632101,26.974630796598927
24.607278102295464,22.71564222085712
20.305334769859762,22.10398444829527
29.003313684708765,27.1534021906244
27.631382370044573,26.2793806383251
22.351967562294984,19.899954419345626
27.890304442815648,28.28623706416889
31.652166663907256,27.4113318979558
-10.421210497677171,-4.7671827539881795
22.353195616719894,23.874033852054243
25.219822017538277,24.12565445159097
33.180073452121114,33.56372947494853
-4.910412407930195,-0.7242777389872426
21.27377034997112,23.652567539600717
1.3475252530458137,2.0771432036150332
32.504453431778686,31.574801582187032
29.598489187874364,32.77227101329751
1.7017080170567322,0.9400952031453259
23.849267254805717,24.743187477718074
31.6662919924283,27.631729248081676
28.203005558777395,27.670332399882362
27.01041908563799,26.031373852162094
35.18883565071152,34.362821461961346
-2.0731806302342695,1.1786379308798731
35.70551071538726,37.45525239193915
23.37970823138906,24.486272490141882
24.587212772891746,25.087294491887526
2.0312770195628183,5.942620603548482
1.778026213850258,-3.108904943157124
-4.702007563546251,-5.340837795985945
41.39258733404372,43.427986887730306
-4.088171241594019,-4.0197610158941135
34.26049435331225,34.172100304796984
38.263821023052415,42.30886122582153
35.49201617046012,34.33519435491629
34.496559961920696,36.7420759733769
37.41377998787287,33.57369762474799
-4.887537842449651,-0.9949473331349895
24.182105394673595,25.880459165970112
25.991580402126573,25.6598809219564
30.195761143413385,29.054387874726324
3.45307404427997,3.725437942717585
39.39049049816248,40.525104345187984
34.319351867753156,47.433382259290084
2.2181131901905387,2.300796269531272
22.244394238077444,19.793284502094348
-7.084187084822029,-2.2669465200114254
25.32647930375445,26.600222441706073
-2.2521737305447136,1.341225570698668
25.995460929730093,26.118572136122882
37.730418413513505,46.55834047450969
30.09793380410808,29.11125383793979
6.638484013627881,3.6668711625680146
28.454832421718372,27.409719240325543
36.12358807780922,43.24711869963445
-4.496335026777173,-0.7661374250584628
-13.851971266907139,-3.0078190380712213
21.198618553696786,22.508194588000237
20.612050875533924,22.283463345661424
-1.7802599499829785,1.448115216767905
23.508712800059225,24.023777790792
-4.55253139970417,-1.5040228274446092
-7.838275060051527,-4.140904467783983
26.73523398731247,25.897419250595412
37.302702671833,26.918201055325746
1.252906075084246,1.1363276086864174
33.176195025185585,36.20469088073802
19.722188471586318,22.012708270556615
25.25353338152949,13.659377640829984
31.906920141814112,30.260638281507553
22.015972387970212,22.980614431131443
5.7229292998862284,6.01092987462753
41.708358480435315,40.698550776880474
33.23674930853723,22.575372625697142
28.451210702044424,24.892352618474685
0.15933284394556013,4.989145330154746
37.81904178102892,35.83395607537582
36.16822878619956,45.362485269333966
27.51851209868444,28.31707221554199
37.414793046375976,48.13136670517649
20.668586360819297,25.11292347233133
37.47183200267805,48.55537716204193
33.29158893454799,33.05656872123024
4.521923552862865,4.629163962890596
1.8152619475983316,1.6525942518996952
11.97482117035062,-0.9011976473001038
-13.43731675109657,-4.407985104773797
20.434020302119258,20.026757655269055
37.30961066531805,41.96672401259596
27.16453120515274,25.269569310843053
5.591435148623708,-0.6356881023152144
-13.176631942706953,-7.96165326187934
37.324122414336635,39.51041147693523
26.998775530162078,26.544301378573604
-0.7966182116195417,-0.5156291216594128
24.90814698349949,25.77629312905497
14.12896131156521,8.178257028682799
33.678035779946626,43.38320817726742
4.570127778556196,4.8948407671970715
27.083365999264704,24.79544336204221
33.71553077027374,35.12871616533651
36.68544181646083,38.01934477195549
-1.6211674467874886,-1.9291866097801222
28.173588109839898,25.528950797165763
-2.9872231365176116,-7.962857843347713
0.9577710083859716,-6.362282098191098
39.40969298933755,40.518186364499044
23.75475306346678,25.223742862086578
27.74325726184675,24.85343865207492
-13.175163969987482,-4.947811625697346
35.80651134425399,38.168169704332904
28.851319780632714,25.054936138792684
2.997530844789922,0.3314707857503436
30.341553487930323,29.226386386639856
21.942546003350227,22.149743314494398
31.822703247852054,25.02009653512798
-0.7794613799579604,-1.898225745254166
25.904642600534178,26.923219047889102
6.412928308211716,2.6708957958300585
26.06025823833737,30.012858911892017
24.62963275013896,24.128153529764994
30.565367413712163,22.94560584529888
-2.201407531534284,0.4129991337176325
32.28075425485813,21.197602516166896
23.629453179626093,21.7965478165814
24.698792896707385,23.644363172057236
26.439548653839616,27.621072303569054
23.316915122359752,25.034887043012596
20.512348591701084,19.152709019199136
-1.9257728499266387,-2.5834896728841237
31.029223264245307,20.961459310465383
39.81472965508851,36.334019416372556
34.657950946996294,30.92328325452066
27.48985031243123,28.789869364835987
35.32392833302339,34.65124382240461
-4.588361013601827,-0.2432617661284589
32.19827770934593,27.62376442203595
35.033788398228225,34.01520003596374
-1.9731177323573013,-2.166692769566242
42.276510129555525,40.66049381201796
26.45680312684613,25.43070322164259
31.622468743924085,28.830974640520502
19.620167033226625,23.4224844420265
-1.0182593821721473,-0.7637680071327947
1.403242282883294,0.12285233100901835
0.1749152460792719,-0.8504720445737861
18.464623219800913,19.605825148326733
-9.30820545508464,-5.709468832809258
26.398416999967843,21.28957212660754
4.153583558261913,3.9880010589481656
38.06183240963084,43.7052390768164
-2.1899670302831784,5.757533301134713
39.94095285698702,39.37499279810029
7.151659185160771,3.4467256229332444
-5.225524526929572,-1.712238761882014
24.90714566190133,23.47603929245529
39.75702265314662,40.71148905412899
16.634352804739333,20.63114859420075
25.734671351597036,26.750316743587486
1.0257308954088242,1.7476229714055436
-2.019833159340439,-1.222822670826989
41.255844595016754,40.10855012554387
20.853155339833826,23.62908399432258
3.2023777417567003,-0.5687608687802781
32.47503785318612,20.705448803414193
10.36459345591127,7.840660567125598
24.006139312773218,24.44005379630898
-15.517977499812178,-6.7349231672146646
21.81889491189802,24.14069640655547
26.96814286992474,24.98957141941876
27.748088193874565,25.06255549774271
33.008711359462396,27.77779662957585
20.169360551351026,19.787826055622602
35.06767079768696,36.46489025126136
7.280402724115498,4.471633536510232
-16.385170579186905,-9.869094667542509
35.034202078308475,42.25345932458363
11.95286437317685,8.555088185018931
22.74708935718772,24.470826351144268
33.33549572016357,38.841511791127786
32.82287197250956,31.292871613114816
19.033427057407092,21.73236732054094
34.585550468903506,41.04226144008976
32.57942665196623,26.33197770935923
8.743799110510047,4.259876653495515
24.9436387191691,24.025005876585112
37.721808671865304,38.94403961728949
37.053865663822606,39.55053119935869
-6.355762179930757,1.7409134771363488
4.0342046484429765,3.2989804529281486
16.59041021330551,7.00906686552452
20.25452704369478,21.257391485632315
4.513277780956244,1.4804552779589586
-3.256200732933343,1.4439671820622624
25.28978648020471,22.92382229340422
-8.325926803450502,1.174436965982752
23.486431234680502,26.17216723040835
24.550554899213456,23.766846810997066
-0.2976728543471412,0.6942223354015693
-7.220869948299538,-2.4196398825600447
6.224448953868681,-0.04533104905456081
22.3514866807335,24.10662754131788
38.62219980313914,35.87025601246835
30.944414792593726,30.050230359067264
22.78019808977841,22.69173947339895
37.84417614276145,38.844269784600414
16.716853450133556,16.85455839200373
35.69848186641879,29.911819403170014
-19.22066261302636,-14.370344853800837
38.604990463129376,41.99071213302495
29.6377867568927,27.866674228278704
28.73317513694537,30.31551781718776
-0.3377334296813028,-1.5418981314692504
35.12427497569172,33.557831734397176
27.397427403675486,25.687991134490808
28.451823055603867,25.047419248678146
10.988295516220575,4.778433018246409
-5.719205728856698,-4.137420772892215
35.53572917369609,40.83972550392564
6.182303808086608,1.2043280795003166
37.20499662879526,41.44735083582486
25.232777140675264,19.955868452699107
39.033487345832995,46.850284158646566
22.10927715059955,24.302645308616327
-2.8781188647782256,-1.500452587684735
27.015405427012308,25.447861565887816
27.76829889527778,22.46981662681692
43.356908531784626,46.769804559278306
35.45443298952318,26.531084347289447
32.11964886184511,36.51451003152816
43.17182657693465,57.261641228076144
-8.645207366080228,-1.7179852839090484
-0.480630323756702,0.6992990588420717
23.24097628726105,23.248820289382312
2.713170992724188,1.3310937037900903
34.94571200384414,47.28514676810713
6.7544328288055695,4.3875503880253515
-6.861304406322204,-6.425732746701531
25.147212427832955,26.616270636312855
33.73895674188676,37.08725666437399
42.873332752154454,53.39302272780742
26.673973213030465,26.952100915409883
-8.491062067171487,-5.020072766885325
1.7513642645398437,-4.824036134497262
24.156025229757283,24.676494263109962
32.565687148171705,36.12518113442217
-1.3158347389026228,-2.1159503264919777
23.1673479296364,24.338504155515807
37.276608212004234,36.75581204295044
31.046972606497754,29.33574989301034
38.652516446195506,41.569648611828526
23.606984133232462,25.745781640448573
29.422811905708386,26.600406985048245
37.03841394177478,38.77449193325434
40.06766140624514,43.277669443949094
-5.427643357708666,-3.84841690557621
44.25101785846732,45.156701111111445
26.28429727631827,27.96060081865731
33.993250752664665,33.81696164982793
22.709349744863268,22.100212189818457
35.9870759372494,32.10683397311445
-5.7316927602784755,-2.8233401704012357
21.05976370222885,20.401892781773988
37.35828318200323,31.10300429490479
6.907232071747072,8.229852048561659
23.825716945096428,23.572463219734612
-5.158645200390231,-6.184714606556767
26.038504944672614,27.71794531747135
38.060906226553485,36.9205439228724
33.926488141966246,32.872982912496525
10.143161583839264,8.119878416478418
40.11214361098225,41.690517771923915
21.620187886855568,19.925408586099348
-7.253143457672723,-1.2537937985483552
-5.707490262321425,-0.011177193720015854
41.32169214124713,45.621865729537845
13.873907861269055,3.0657630039020267
-14.590014410496076,-6.248594980152116
0.7853245641119485,0.28825449863377195
31.3680378698553,30.734573378572048
36.06382221654947,31.885008492239574
-1.0381771767795163,-2.6243992017056876
37.296407805722524,35.1459218743781
3.2949680236237073,5.782245337871829
41.514156615931,42.83762945986277
27.626215564025706,32.13694834496207
23.419042271123026,23.821220861693735
35.94688473173511,32.28188240815069
-6.744459048957479,-2.4433518714881943
28.231567170740057,27.582423820964582
-2.3894819879562195,-1.9671366102838932
43.51421660152689,48.41903282799849
-3.972044781177356,-4.03383622023291
-1.701683576848224,-0.40338233159347897
33.09968683758244,31.991031160374046
27.873619620580754,21.867090987493253
29.41342269649674,27.71236317048899
5.270973870002479,2.0080103919436825
27.627851178666432,27.826722895726558
1.2518823396824288,3.7979578618492438
32.67125830316174,33.60743977476817
-5.43270344183553,-0.18708530821577363
0.6379540632573415,-0.4598151012003786
34.43682625123324,33.39891418749256
0.02578276274719382,4.921501347179481
23.95119006686427,24.3747878591012
-9.891138372505374,-9.285594797244919
-2.048749640007257,-4.05576647814816
34.557903425113125,33.564645107011586
-8.060556738107081,-3.3177838726457685
38.50614532659283,35.92926182729845
-7.870420180665087,-3.6680032808664658
22.473502426422627,22.60139428560629
32.22509400113003,30.866229845156433
34.60765719376874,43.125403387076744
36.40205897808838,32.63349410803989
-5.87524014740516,-2.072506087192289
37.9269651616246,44.853807024633916
28.90237817647794,28.732861427722497
25.40563839984382,25.53108715502954
40.087042277266335,34.10943345834805
36.22633051767811,40.63243471852967
38.339368744712786,43.632140508720724
35.40241099599993,32.324311152660705
24.13035837028405,24.090059218479073
0.4242975410457397,1.2355870630904209
-5.410009263641275,-2.695158731111795
26.731069836187057,27.98701115491714
-1.880789984188632,-0.36907426001055205
35.266636992874595,29.097258255387658
20.98848085508288,23.914122818914564
4.112631108064663,6.557239263590473
26.63397068819056,24.507232182257443
0.12309732658747963,1.2280452307834238
-1.3695011182474937,1.7612479984032814
5.68539776319713,3.743560366473754
27.277124233676034,23.448435608215036
34.119419505243364,32.955795888340205
-6.579853517562787,-5.2986334674949624
36.399138821670476,39.570491760106634
21.409868409424504,22.645314340905845
23.668951711379353,25.482206599216735
33.822272580527965,29.139570208265496
34.48988089940335,35.417419369273176
-8.130873916607754,-6.207646805968636
31.29271654711833,29.80968357141559
37.50476026092335,40.114271731051744
33.71782883913449,35.85491727263029
37.063950798371835,36.10974239274105
34.133744153669554,34.83227336116319
27.356845413254238,25.776908959081638
28.287281071166817,22.862770814834516
25.557394008700225,28.575643818457234
23.32720118046549,27.88345724063808
28.476768793387713,21.54700206602676
-3.9908165938540936,-1.7855099987395033
33.41809499022158,33.62346825733416
2.420195600718385,2.0033695998192247
-18.863511279284133,-12.368813788793044
2.6987982343850616,-0.7899244012542108
27.26075408394649,26.39168460507349
28.614226460908924,28.57847340295101
24.135740160476512,22.71566240385002
23.955875604181543,24.493864677822064
31.542457644091698,25.55579295337857
21.970421914584033,23.74196710208363
36.102247422206915,34.008681031837014
39.05457008836415,42.137071009029654
34.015652044410544,33.35004395547598
26.34068249840971,27.52184122536312
18.937268169344872,24.280382970871024
28.757377242821207,25.670431005130144
28.411927190413362,25.76144728522825
-1.5128885085653567,0.6875217912694922
24.360328222205908,23.54264538101951
-10.270846414933253,-10.271989671393968
28.883671467573826,27.651045366635525
36.40253301553559,37.81701648795824
34.165691810621496,30.664473041145833
27.94789598417375,28.76857895307705
24.353691811476107,25.638246986546854
33.01319615244459,32.81763166054196
21.999094391334136,22.907879224075188
27.239143786967674,25.873987671696934
37.68152431135459,50.459051882355105
33.563277101593066,31.102271380337267
25.417720545506853,18.63692955614742
23.51553983999003,22.853450171222498
31.9314621527121,32.48314200355484
26.703180582510853,26.875717559044737
42.98099893833808,40.256304645613014
-1.0187845934037902,-4.749775747925084
1.1393103248304863,-0.9757854442736644
25.94224647328705,25.24812831200658
21.003446914433834,22.301589928739787
28.16890447951985,27.79821915362252
12.588324270708556,3.3869771611750337
-0.5926581340391118,1.2104941997625571
-5.852607082541462,-3.315538121375201
-2.972227865309611,0.4165252341660733
-8.149026330311049,0.048427867500895894
21.408466336277712,24.81209960349389
23.141856287724554,25.57192782361889
26.94598113282701,27.627546482632837
18.06069112396326,18.22245654928972
24.765902850733713,25.218293520144616
24.04510208992671,25.74445297472393
39.840389906561164,36.58476076187771
20.01124893726973,22.438947398747178
35.28625232668703,44.8248796368201
30.54180611794036,34.520959684803806
23.799056546276596,25.835061129702154
43.009201700222576,59.292358071019166
19.026977746303306,22.43403053833641
-7.746185327414411,-2.556549309411154
21.857392636635797,23.013961628158732
28.03349667025664,28.152969202179435
29.019596841837945,28.681281585084122
-10.556184806456848,-2.3323458169446365
24.976982233770208,22.342190471684845
-3.199912125688959,-6.840674014110569
22.131043760564534,22.66039843933388
23.74010951284453,25.238163780053195
42.39822554356597,43.43306552432163
19.32830956373109,19.611468336485768
21.150932582976267,23.277041617516534
2.7489899760801073,3.580989935922669
-0.8882286608714137,0.5766619645171273
7.740970799985133,-3.642544276868898
22.68123624853809,24.56165700899268
44.68585122002871,51.55579620570741
31.465934554204885,31.30721526242888
-9.43635851889804,-2.049750146654106
28.71765416891247,16.435483083262532
29.90557758774881,26.076194516964737
36.08328148186237,40.18370756040405
-0.9552507966743575,-2.7454816321122517
-6.431872755563578,-1.619196879681752
-8.03964658826802,-4.233248031807542
42.81924746972637,46.385742813560526
16.877817837808948,18.293045660403195
10.896919040497899,8.988483514536082
29.10507735962768,27.683980768967018
39.84995141429254,40.35940409012325
3.0086277125978196,4.555587990925596
32.42582609140467,29.20307393023158
-5.251606235834336,-2.8594162841422497
28.28387445153841,26.53632948808554
24.394121926268795,22.925537483226936
26.74145931111444,26.32280723281889
38.0344278588308,42.02793951971043
28.331365194949708,26.23947769316867
-8.425065084947992,-5.491883650749035
27.715115979426024,27.00071506518662
3.9904549282893065,6.326464492362498
25.98154409876785,24.927866684516957
9.499937706764783,4.38792019587148
27.149539449023834,15.988229749724535
28.243916044951376,27.03552289016946
27.258949477208706,22.52483736502859
-12.747012744511492,-2.6299547684092524
-8.734935396006845,-3.2569992131820076
-8.476962098943815,-0.8321533206828047
24.774223034379975,21.89639155244109
5.072627290514326,-2.894257023210554
24.229433454875945,24.79430486697412
2.382455943891808,0.9041937883941742
-10.70800495731418,-11.476780391994337
4.8490202327255565,1.4519401312811941
36.59583294318056,42.28880435162922
19.740068014026505,24.026818628913965
31.323813331741412,29.2657294338998
22.45853072314546,24.98994205287574
30.224725765208404,27.264666726349375
33.50042460889018,39.856130128287674
40.31476343701899,34.40207719983589
27.55794906948189,24.097687439779243
37.94497366321072,52.294850799897105
29.31393751474606,25.925885287646555
33.3900623011014,37.10149775867102
2.6743857942160436,0.9162556939610482
27.588869086062576,25.029465125700632
29.76487038845503,22.89723979126673
3.2340348320729615,-1.605862185224681
26.65553678265852,28.103160509640418
29.707817094074365,25.352004140721473
6.026771236337165,4.860772780777608
2.5268607051277816,0.08394106081074937
29.314727434299755,27.63955576289667
24.588730069110376,24.232650808113043
21.668881812595785,24.707386525719226
28.266213642870888,26.058167238453557
28.492077123672356,25.304522731227046
33.370724044629476,37.96693087375724
33.59944030654483,40.02637412878376
3.332630326308104,4.4287817343782985
-2.1557121356602744,-3.5825253753121613
10.200930337556885,1.7324664482296943
30.867179666408536,27.499604249850385
-12.637967426835736,-8.46058213158183
27.626678479911444,25.338923388825766
-8.640038886625785,-3.1944178376045334
1.2637665452857347,0.6240107576604726
22.85308469680963,23.83594745389548
33.23708623311083,28.960488956362806
-3.380800239357593,-0.4666524957663042
-1.1392627243802824,-8.515725617170807
23.98177590069959,25.576434711091174
5.204357523720306,0.8558573382556534
-4.688495045287723,-2.204960867600864
31.633508462141172,21.234687592057234
39.68130353204024,49.207747073797
-11.410447393559021,-4.025974790776528
25.811999194853197,24.516235466073937
25.790803414854153,22.547265152157692
-6.184435931222978,-3.2826346679577716
5.817398580518103,4.419437839018138
33.18633030753613,29.57577520147443
30.80512124914019,29.517503921250825
-0.36509877839645477,-2.359097024572423
38.69585243639039,43.23456062192585
20.83893049175269,20.58195754552001
37.08661320134344,44.118632272753864
24.201485060925126,25.991679386859172
37.784970825497055,37.700158694292284
21.228304809571974,23.66087683319804
27.74075082963289,25.152033053354728
21.640561284881674,23.46549220087732
23.720777315458577,22.34274563219351
-3.910977237710748,-0.4079903315541958
23.027838345785245,25.085052489919327
36.47237401208256,41.328301956977064
6.603313797124485,4.791008655430156
42.13845727335258,54.988144866100114
41.18161600821468,39.42203255211588
41.32594938786081,38.4429932615772
21.401544253098802,22.36597356465552
29.446750693467656,28.453394067713866
26.144036232216965,22.321211628807454
-11.518487664962546,-4.238819263314536
26.681296189838584,25.64739933429507
34.7032423777397,34.015904432528856
-11.444645509700198,-3.946448684805274
37.97746006230236,33.4700668878063
26.94538746894341,27.274868593894833
-0.8040710724968192,0.04749956811804165
28.70466311539703,29.65888832006756
25.04649380464344,24.794698188090123
22.914553634653213,23.32007663109923
26.188427286905338,25.926805058733958
23.99144656092107,23.96533092539494
14.13127268885553,19.167660284969223
24.928557763508053,23.09544691842173
2.6012168671472904,7.215594438189622
-11.563241667987176,-8.292277920735927
33.955053670971196,34.32991049472402
24.473989854812658,22.497680773505834
45.808270127569365,59.03578874888466
6.425009201636014,3.426771474904014
25.267706470026553,23.721179311140343
23.461650601699393,23.254347815626122
9.995360039903032,4.923381601131293
-5.2631735074206265,-2.9096144813799834
30.277965058006174,32.94606557519935
1.0743683887283402,3.492638422708631
25.320015760598857,25.170816288929284
24.73100161529853,23.717074116258708
26.64746466133339,24.930235424132782
32.132968040195365,28.348471780701175
-4.8214246824186855,0.6955369254692114
30.563543637688916,24.027347106631144
1.2611024411301266,-0.32959812375575914
34.44739642188891,37.46738734378818
21.95323653913773,25.078663698959037
31.51290225773453,25.70650629163709
-8.855014691069435,-1.0995071610447549
27.98306245344763,25.82789405518738
-1.2957091617244088,0.8351368937398369
-4.357779520130461,0.5901191307669623
-11.213314613964785,-4.110744409778146
4.786717897521119,3.0177578746365628
39.131417026540106,42.88636391755314
18.717069163146515,7.044698547463534
35.87433496044534,36.22278738980099
1.8458017428570972,-1.4642113236487249
37.024825488892404,38.241064561821034
35.520923314819555,37.274032901417186
26.430312630427842,27.129211678816528
-6.033827539290012,0.7686387128034367
29.309668435982548,30.625137092889663
41.18920151866145,50.79862900841832
23.79790325429877,25.21034316731849
22.024428691121905,23.747210722296487
19.844905885629515,19.091341798977083
24.10988561971848,24.756309661033278
36.703410350564454,35.07176986225452
-0.4692472829672055,-1.3143621959888685
26.972241674082788,26.400681011490608
2.7736232765036495,0.45250007106547185
23.829509663582037,24.691423774442576
7.945309672305182,3.274964425107332
29.6108342392526,28.05896709792118
24.293740241099393,25.03410873331145
23.00497869141551,25.550030160975286
31.656074414926717,34.20103494521514
-6.995869121801006,-2.936411280373549
0.9645462576637054,-5.34752691136889
25.501929774839866,12.68986481437532
26.831289694823337,24.914783052961223
-7.71988928972109,-4.965528027909908
34.64482046886028,37.00838494563932
-11.234343769524518,-8.715823325598887
-6.422202447848352,-1.528426278296817
29.330986378027166,26.8243499182641
34.57679869885911,32.20320517859657
-6.263808800693543,-3.321001496562905
26.529406080037262,25.62783553710828
-3.571414827745449,-3.2108084645428243
-1.9169078240166282,2.0279703500656736
-4.883382031636373,-0.85545848361794
-1.50930891313577,-0.9909213956271107
26.064281777573193,25.199302844767473
29.261611638510363,21.725330780461668
10.666995694367918,2.5416534629332332
26.030634827566857,27.323999855716146
6.134420375635827,4.6403804071548285
33.772855913528346,33.03911896845312
-0.46715760460774414,-3.675906227796846
22.12666782504903,21.59278895372545
22.186705904662276,22.366542351517865
26.109286336991225,26.68594049479262
-3.006021181248056,-5.33436874801442
28.859277214266797,24.897388743442587
20.921330376877112,25.20061863284903
1.2255435952218543,1.089017969672199
22.10492020623441,23.023070679150507
38.937635344826525,43.457558043105514
9.062797416811124,1.8764991196175849
30.71721849595107,26.86026699174518
22.035737455231995,21.904101606168624
28.134807233800167,27.946949414111256
4.546420169315919,6.840048352253215
-3.59965572305811,4.729382353435435
-0.3064650272716587,0.9768224441012362
40.304875738369816,43.93474179156301
22.719546140244688,23.13184961673264
24.638655048220937,24.546240942922925
35.641423594747806,30.593248739579852
4.177276677746989,-2.2712974216118145
40.246615848073006,38.22298099733428
27.929067101854844,25.97512488070382
23.19726908025844,21.093876406856804
-3.2175955976945745,4.134504345024197
25.253913929740705,21.964952177258038
-2.2394492799105565,2.4525172851418913
-4.4363814783598245,-3.7692866302794865
-4.517024515506181,1.229682799098738
37.85165376638315,40.8287929722648
28.296513514403486,32.719190810136446
39.75489104473494,47.09802232157817
42.46550699698283,53.11168637858528
29.372380859894143,30.549384019683483
24.864688706685495,26.132556484881725
11.840850599585607,9.979487222346737
21.807545353092745,23.218204724144158
-3.135766660918268,-0.1894155374916555
38.8064385589027,41.22688925148056
33.45615864598069,34.541911123431426
-11.981724305318554,-7.488379797693538
29.704009793915507,28.328577372777893
11.446368022344533,-1.9147513201384525
2.5713366334045826,1.2980173701917888
32.97675507443181,24.161906558722052
32.42501269757594,27.802538874303146
25.439770240150185,25.42557417784382
27.29782331480644,39.50311029915076
31.79210018603556,27.302532078411254
40.10719626933897,39.57176816492483
38.336483131398396,35.386576517888365
33.065034816813835,21.59543491972297
24.76729830473295,24.492013319415797
-4.1887926253310965,-0.30981213008725333
-6.94317586900983,-5.822990338282277
27.980654737111642,23.783499590149567
34.42102994943707,38.011342929331
40.80193095797053,28.98659505396273
23.778561102438537,22.589733232404466
39.92050368506594,45.92541800345202
-5.277475268025553,-4.018506099927231
39.03955978951317,34.86169841619492
14.214771623101047,5.207462215636626
37.196157879177655,26.150762032771933
41.6628844021265,43.40956839839677
27.01594737318833,26.410786341990203
0.6661908641121892,-2.8323736893796796
37.244589540996344,47.123757541074184
1.993224145713073,2.611032396017379
29.984636182101916,26.0918800391373
28.502014330590583,26.249784255841426
3.279231234936913,-0.2271797235865053
-2.6580792046258868,-0.026685836374236438
30.719182400282392,26.335170151686984
26.242318913854856,25.297671960400766
35.11322910648689,40.42833968475915
37.57117969844923,35.24114115593523
26.967402513934683,26.621700899149058
-0.2236938884722459,0.23946827291382092
2.5867058805412193,-0.13737697748141542
34.98904395107863,31.027378310744954
1.1203066883765438,3.9502326655747257
29.7359100263411,35.54500968537068
43.18648970612605,45.17867161736167
23.853021399273835,24.53585446546017
33.2031979846696,29.063099623300722
26.883024733038823,26.33287429649881
27.67998606048088,24.89932909653256
33.159269422304504,42.096904488733394
9.00782012059479,3.1660920968400816
38.89188980204574,45.06885158594751
33.8899337418894,32.14917740062673
2.3052700703994553,2.4874817465012713
37.255841722240376,38.014889483678985
3.3912553337161033,5.525927309754644
36.53827913949579,33.67441037599486
-14.368695632413745,-10.013181795213947
32.9525861332592,36.56272263292949
46.02439333609463,50.53126840548205
23.703799253664453,21.896243348373154
31.636011762005488,30.755754216236742
22.61890468229762,22.012064690418224
33.827478931082034,40.85566666254091
35.73618628585215,36.57492080044385
35.10568019696669,32.15198825916145
27.599219951778196,26.57945468846921
30.514655225393902,18.199022461174042
43.464237303562655,58.83230391529447
-9.488949596619076,-5.7620044151310434
31.859220686918743,27.6898452269264
28.187709339656084,25.38524686218057
21.738293733342857,21.083419861867874
22.543057107889446,24.581540245786677
40.81357249262186,47.204794903303664
29.88210395868234,20.855990146465594
0.43611772198149057,0.15245117210123757
20.641783644284587,23.241597451396945
2.563313047636401,-0.21873430580100467
35.0455858454904,40.597019484337345
27.281307435498707,24.06724919452381
-0.35743789590875097,0.40936621854443345
35.14544754530035,27.65352112253492
4.745021556141289,-2.425803289293336
30.42349273124998,32.76031403575098
25.201768525005242,23.55707097741591
32.53262042902535,26.384000854841396
-5.333223320862658,-0.0009375776772352351
37.07122610965247,40.674042918001604
28.268707004609716,23.054525791678458
30.9795820877655,33.99245906643976
-7.605504847560882,-2.809831141721362
22.9078710609926,21.778975103147303
-14.04496352138545,-5.378748228746156
36.14508733845568,30.101345834299643
-3.740854636151786,-1.8408569393350216
6.633147314882612,2.279759618255487
0.054857053745081874,5.183280783401654
31.396347996571084,33.276702715537176
22.982126936823597,24.525328450077254
24.25923354996431,23.993589884615574
23.914575690596468,22.096786890042107
41.941738072951104,48.312136122950534
-8.009377149924333,-7.211904162175169
-10.046035159452265,-5.8160822325080215
23.991032016665585,21.498014998750286
13.39886467975999,3.1762899961322013
-2.2731487818925613,0.4549071687184907
32.67008687200663,25.785298376516778
-4.054187327729169,-3.099244016552825
-2.5557049541800945,-0.07007966188339682
5.161144967162453,3.80948912574887
22.637080999268452,24.419529095782373
-8.548541995559097,-5.30731735342945
8.974314931252014,7.515957863756619
36.533803417583464,37.70479253400607
26.386052431944464,24.924380127667146
29.596258944976054,34.38125349270112
21.04095989965746,22.089104144874028
26.781122718266232,27.01368944623345
29.638718871939695,29.70556482504228
-8.66378404241451,-0.06252297099146653
7.744039758411585,5.680241215861601
31.13446405946982,25.12526954831615
4.087993055481565,5.727170023370474
31.566323420996348,32.02689419617409
4.399212285473609,2.5845620268242673
31.158892142494455,28.278895083411342
32.36394679040226,21.918438490080042
0.603399229196028,-1.634876397293723
39.29706586043195,43.41908653749325
30.38404343165999,26.730080820852628
23.06899469672015,22.20088943950317
25.011746893012255,27.788039387446975
37.33287892454441,44.36914403353831
-6.987865114604322,-3.0540845786537933
2.103584807572496,1.858059456989016
21.519219372626292,24.18392829388746
37.74266792164384,40.236103795306065
-2.2989062705605963,-0.9882141994100493
21.818809482818573,21.46315120192774
30.59985898625525,29.363480055172918
-0.9064335502267662,1.1371182257567702
31.44930563000789,33.58340134167194
27.844773502123672,25.533714195719362
21.218333751390432,21.342408590082844
-10.001134808337149,-5.997580552780123
38.72636456105911,42.83225617611801
24.802807359212846,25.760296909942877
38.04517137172713,36.985120618174186
-6.567651748446722,-5.625443868618873
36.2871450081554,39.42617767521517
-6.481787461151017,-7.286287348154239
33.4420520247217,35.07566343180275
25.677469860285907,25.148261786252014
2.3969157280991795,0.3824471233674027
11.66176188514557,8.22032652393348
-8.876502747758497,-1.8238605969965904
31.149400098762392,27.993985891768073
28.652588354606678,24.28266055480191
3.4595131707803874,-3.082001700310137
3.0099993144265333,0.12012270799758251
38.94385684553342,39.08999965612638
39.19826786295844,44.73517826712297
35.50835473993119,36.04771986809338
-4.872886845726944,-1.5017118744058677
-14.640401784143867,-9.599706461601606
-7.51838762268627,-3.5048540053937476
26.819067299164317,27.52070181655259
20.72635955256562,19.397648706606194
29.978681955438457,30.67388329356043
29.477163416701025,27.770308084757094
21.481423006926754,25.24052588151395
24.45476719868024,26.15834577928104
33.49865371777072,26.158592438488824
36.66281726459105,31.57686994802954
33.18433389511438,36.50710792653704
25.762471840847354,23.44961401661972
-13.40331591344998,-9.594380855903474
32.573294727345065,36.346267237390066
-12.6475981983922,-5.19442109368812
-3.5039089704501785,0.39317816617510226
-4.191227588786359,-1.9060677548623568
26.16969480398945,28.939567112896096
39.8569529159523,41.23682420446414
-6.348589065191061,-3.9473796621805786
23.684630137732974,26.090134287014333
41.39866420827467,40.32073787233817
28.632034886206934,24.912274027492952
23.661987929615822,23.710540877377387
2.863498624292758,1.5525677624100758
22.73088534571896,23.23159758588636
-0.74790352977442,-0.36815645923283896
32.44545871905058,28.352016546903016
2.895881978365077,4.746688436094346
25.206563671393113,25.21352755657498
35.7890638119739,44.12611886406877
44.07219393923573,41.44225905053565
40.05474818376779,37.213136240695704
-2.1112912883754746,-2.108142328219857
23.935460517650224,24.113766127585205
46.938004479217135,54.04948902564774
28.5372270451615,31.26369357405806
7.150843092189353,2.7752291455149836
18.227741350793153,21.614992388959593
25.53146836176507,27.568668506616902
7.455225938436128,2.726789553397304
27.27239767366199,24.982956377176546
-11.804650146602714,-9.659398480600775
31.8741514295366,29.81489027008202
26.002880836684493,24.785781065550335
37.588696552449115,45.87881760957986
29.77681502842296,25.665120086609388
1.6412196191136172,5.0329451324831815
26.45298856916653,21.590987767842382
31.553008827138324,26.459433473678104
-4.821162357106422,1.1749150793945609
14.768683985827057,19.08515851099191
21.146832006509914,22.937723320759606
22.203324068045198,23.254238027699348
-2.932467306892463,-2.212875438697902
26.862954364667107,26.44425237550613
-1.9535910858030812,3.1937626343483676
26.393616937832014,26.371781246862042
36.6379122535794,40.34140187839788
25.61416486871165,23.802962156342822
25.71928850905411,25.903219271991965
1.0217922621395883,1.4122306552161714
-9.001253107666761,-4.70067401218413
29.27687210569076,25.618902913465547
34.1227344126137,27.981624439467442
43.74016534177559,49.41678802633125
33.5724681089785,25.650927738805215
-5.1388614828681245,-2.008604116007591
33.16169562213262,18.258702167559594
29.77121806120565,27.56313502975867
25.05685081791392,25.771046452901167
34.995716491365044,37.72946921313954
23.83552447225191,25.374592869771035
-6.159224649989013,-2.655205054004111
0.48157484353028124,-1.7749634554321168
29.225583030900523,29.26959169335345
26.439709060064647,23.170905863592857
32.67741601550447,29.678377406151704
-6.383016365140362,-4.101537075299216
25.706514430812774,25.963354004736402
28.920648382546716,24.422421318200982
26.471426413251983,26.08152732606304
34.383239737819494,33.687294089501265
24.3407611662594,24.52444477224691
35.07748849672606,30.874328586194853
31.55655856360707,26.334541159704575
-2.8369115924835477,-4.182818653819044
26.32747671480501,27.35192387868623
19.067818319202907,21.47260887671152
42.36724171046245,55.86425770266076
-10.934037958872855,-5.269367403749578
-3.0305543447129883,-4.523760246092541
24.77753077795308,26.331805365064945
1.9894195456076453,3.877413564158906
23.283073424652226,25.69430399365255
36.34670047051607,36.912280206549354
0.3660067802736353,-2.6034493202106486
28.89222722342995,23.189508858945878
7.334577474749688,-0.25205493786480515
1.1885590855476909,4.442444409553578
35.24136498964034,34.03562452432769
26.25592812514454,25.126211463923532
21.93962464301888,25.37190578907614
43.1588704581183,47.55036631020086
38.83213986565326,40.84166588633437
35.53589209817235,35.09361105190477
-11.769423071327399,-6.836813026409688
37.111614510111075,39.10183692144706
-1.7645961865187685,-3.1161277535874534
31.836165643194892,29.948248571474686
35.39507390851864,29.51593546515473
30.483041274530834,30.00173705865793
-3.563439594250793,0.07971091438709554
-2.7345080517876923,-4.394360835313352
-4.568904539069803,-2.8938930299729364
4.965450732087407,2.290520272632896
6.564134315809251,-0.27343076767151975
-20.81800933679713,-10.596666403360228
32.3576938313909,32.018904130005396
30.971230364030248,35.905487498456
37.10847286322777,37.48761721042071
4.985979323146526,3.823183294015266
5.086803777263779,4.573421407428443
26.78224312386445,25.0437066757757
40.0486687967713,49.536752221183065
29.18335666049551,26.721859550061254
-5.2456454820292215,1.0372705659554833
28.438993986116643,27.370520436147203
32.321589686937095,32.85771977554813
-13.939083134602514,-3.9115549902755573
27.399310360440182,31.10980463749282
17.76820300972713,20.448281659646653
24.323261073832345,27.236440058241357
-5.0023256991216964,-2.8526073438688164
0.07248060266560241,-5.209283180361528
36.8602188611659,39.545682475873704
32.932922663622705,38.59245624569007
2.3966931717577094,-1.9623818726852464
26.222991917747557,27.176363700685897
15.680149355756601,18.010458871461285
23.093670760424335,24.031198124941717
6.840545714848123,2.6447090233303983
4.556761154596544,-1.8747118158446683
4.876462087423609,2.238800355054517
27.292134472701466,25.073619092291683
10.303027795283311,5.639670031775013
23.870868002175264,24.7550419684745
25.6294576188,24.028845463308663
35.41050106984544,37.43012104406513
38.33881940876635,36.96058279291347
22.065546861723718,21.844026277893548
11.927699791640471,7.471537748828576
26.51597700429196,26.059061596822787
24.908474263043406,24.42655250451813
25.16277140468062,23.82600327435073
38.77678510292392,40.778980194158216
37.01168808398454,38.18101237820296
-2.3288802742634083,3.7468829479439765
10.885933500476956,7.484070450126959
-2.4614686191147985,-1.7350274576597313
2.589209280143738,5.586020691376067
39.06423787642021,36.782495927296495
-19.13173713020522,-9.621285520238121
27.29510355815616,26.847352687997265
-9.867963759095929,-3.7746426214631867
28.505498326733072,26.202331357031706
3.1806016039284466,2.0681747097407714
18.591932041112642,19.000385304290923
35.70127732831745,31.421927435831392
34.99096251467275,37.119875715652896
6.344890115145281,6.411363270511131
38.02093924425508,42.54257504591137
-0.40604760713603993,-2.2532267594105497
-0.6353839370238823,2.821857515707941
7.346092702259097,7.454648417368946
-11.564630577051668,-11.750914336188536
-7.54534171007512,-3.8869141081749214
24.98648915129353,26.041640413668695
29.499835798792905,24.894112348582787
27.0717282056205,23.017811757080064
24.167109548787476,25.575143791552804
-1.4513543338981125,0.5081244514752171
30.37412177927395,28.435233794001157
2.095558175445719,4.110677978740379
4.986506326492409,-0.9241628780328054
32.43400154240805,27.180079864404803
-3.992672285140459,2.836732369507367
-3.4389687159629165,-5.305295709470275
29.53412006273268,27.54001098259179
27.100232935107265,25.59683484910385
30.685365223989795,28.24004172233492
35.78065446719616,41.67804458269839
31.71205374415744,32.579888016107326
-1.833827987724673,-1.7719151171355758
22.4956448686482,24.347727286131533
22.8912374984754,25.342303506099167
21.613739803370578,24.546803620536213
1.331989553301623,3.866288513179584
31.75746558669407,36.51371281550887
0.270627333071114,-1.350883655684676
0.6319721817807156,2.5818607572569623
24.57319740747053,23.37038843300189
40.6491204642096,41.37132990412309
-11.304811220994017,-5.0835069246847455
34.01931967180064,37.75118876892023
23.9812608262842,22.915265779335467
-6.987525452800352,3.756685110212143
32.04322134013055,38.71313158919454
24.603070661407415,22.909946995044876
28.19468331397303,20.137485703980392
40.06635702879371,41.21091334497838
-3.4701837290241677,-2.489145846830365
21.86855866133788,23.042800891134977
4.673739309585844,4.616548578693386
32.86145527669684,23.410209521958244
27.94703683725914,27.578062142139313
36.23266110938877,29.448972124102962
3.036640632406118,-0.14907907461625236
38.965302466785495,34.227210315095014
3.3669910694195164,-2.2500455484356285
32.368216857238195,35.176114585867175
24.18667502918774,21.35009385693198
0.18227311496009024,-1.3538044686872537
-13.380530978892127,-8.657167114539405
36.40272776376783,42.39995248136958
19.43182513449676,20.7544981732568
25.546458033609518,24.989079065694334
34.53992315040506,37.3646025488453
32.33535349702133,29.914684522178185
27.442382254729225,18.04883271204786
23.05305544530125,23.940662079937976
-6.009271581153661,-3.178775023543686
22.25371205414423,23.581406460654428
42.829170960964554,49.78530387770262
33.769940633428874,33.51338235566506
21.650088469274333,21.561803926237594
18.139771214659753,21.481330175343547
39.2419131446387,45.496657547426985
25.042911720301912,26.816592651217185
25.382884589408704,24.006060348230083
22.474842076050145,22.824823289884165
25.810128140743345,25.109862051409415
30.486218258885863,35.54056923599703
19.3787489095779,23.05618113710251
25.220093493129433,24.695498716944208
39.23547802030379,38.391380339402524
-10.400471104836122,-0.36091813183936783
22.316831519127657,22.97671351782735
31.789119086846256,30.973376940374422
17.192309886408598,5.778309503325556
31.06312950138162,35.862228444750656
6.6774687567527975,3.375903712652715
27.446276322074567,27.942184353996577
1.5010620352163122,1.5606508462767281
0.373780064498884,3.7975906690052574
28.048836639554114,26.56846598962029
30.070011640376055,27.132789767458565
23.909864324012048,23.226754428360344
31.515394575169687,26.685845823446527
28.660391113877033,23.277299715041085
29.99224506499679,33.743570947223645
-3.607016114415714,-1.5428485899101934
6.4276278068938435,-1.8753216433409092
33.423626321853774,34.53656804684355
12.318745425395369,5.24745129040206
-0.9747773772877928,1.8183646957630784
36.61915880518316,44.0240140331176
22.753057565025436,21.374603631764824
43.84924501321549,60.20417375770317
5.507196894377172,5.13444484013133
23.6179666038915,21.38470049706143
33.09795635764082,29.554304946748754
1.2865332723636107,-3.0135089874893923
36.89080174959868,37.01837029018625
-2.34109368001252,-1.9462461714437715
37.21850191929342,38.09157733483784
3.6278482892952284,-3.082929574067832
24.181628620406823,24.42760174534462
26.125546057607988,27.589548275782548
24.46821177099872,23.6026461754528
29.755730871982554,26.389496315067237
33.26630711853873,40.180621425265166
-4.936457629527014,-0.853238095221521
-5.693003457809322,-3.8414551025007526
36.49977024132886,36.36597869072039
-2.0109738424838146,-1.275621259597918
-5.679605426241457,-2.7295971288467284
-5.965880046927491,-4.297253096506796
24.348133377449113,23.971472521726547
-13.167188420701647,-9.735646721489596
-1.831961594977555,-3.6244341204601827
-4.581803080585681,-0.8210526232095667
39.44775910349362,32.66729696227725
31.319955337064233,36.60526757602045
33.5806927250542,35.68233853647328
20.765056511348686,23.222461487595258
38.002118907525585,42.54177576663679
36.38374791678804,46.28726846301198
22.204393444361454,23.17508456983464
0.31614492318201726,-1.5586301837912182
34.860966085019584,36.1161309175918
17.168941588645687,21.570001912814064
27.610214393560046,26.253303279163873
30.943288376596957,30.32924670411621
-1.1971306259305634,-0.8263067931853897
31.210118029658965,28.203722724448195
-13.5683078241813,-5.8133600470617575
8.579561560260151,8.294440973072405
-5.770004046857967,1.573493077633841
-1.3722010131935654,-2.0784037139335845
32.58120908863223,31.03567769683154
39.98659866880081,43.435690473114946
4.262157569935824,1.9488573435286074
33.71453809706457,30.74172397558379
25.45582878187608,26.12333425825732
23.11308326957457,23.25346671191035
36.538131614109055,36.072087000308905
42.14321392732745,54.03250194530633
33.703088954906704,25.264103163775665
27.27816639577492,25.45908166396935
-1.840785183553143,3.927959383380642
21.396575989427966,22.90817123026523
19.17544323819829,20.35532785885867
-9.685100499982626,-3.6306901129462865
-3.511458403653652,-5.850455920060854
28.611307585629152,26.45568222108568
23.38391283724144,23.611307576257644
33.29307510659142,34.455444431640814
-3.0469204388964273,-2.7816415565749155
34.34303331052378,38.46043817054359
-8.247653931522088,-5.306542167481661
35.513495307308645,33.92944788006969
25.683284351294645,24.4803464893199
29.13866561162981,27.565949514922668
25.021686320999752,24.248785120547968
22.42658909261876,24.699017552193745
41.25860507204169,39.61338326131511
25.578631533059422,23.208287243713094
33.7019597863126,29.989652143709762
35.734752572458966,42.66626096377818
31.976423097259634,35.45851783329865
21.279152393248538,21.48833726106758
-6.341000100978434,-2.045961669619532
2.2325692730431195,3.6998733262962213
23.40995584502472,22.63339260224287
-2.348301578907873,2.268847772294898
-3.915340687196164,-6.054590127771801
23.038103067725103,26.373722420757936
36.57461465739272,44.36053549426002
27.3961895710206,26.91582690944798
36.05427111902602,28.885247501695574
22.628131311085255,22.763327317655143
3.5500407232859024,5.19478791390084
-8.170808369287712,-7.737906003542281
32.926068425487216,34.28722196462774
-5.063295068581573,-1.3538309615972892
23.996886386609315,26.273601798838385
32.58077711803399,21.336835962693065
24.020945471872267,27.65916849281371
5.411190776337019,2.5742786722504745
-1.562549508836688,1.4467377865002358
27.801514069763826,26.407970976961305
37.30957491841873,34.5169232478649
20.91795952541395,26.1050491603268
36.036003040145864,35.99164006016805
23.944768639443033,25.33142194428494
27.378096388165705,26.62249061551901
-2.4175189971739206,-0.9749267173369538
-5.049061854427531,-2.052788768907782
2.6026418334031716,1.256112369380065
21.56612676917158,21.19434214613414
25.25132215612711,24.739296502013232
25.435023343185936,21.695502371633655
24.610063189317756,23.837768050377328
-0.5773106962696444,4.394350364515237
30.063644626455538,26.434849056624365
2.4942327273133515,2.235118977965429
38.38461349143883,38.602347480310435
-4.905018226449116,-5.321790201628369
8.050428434080374,3.6476102005339373
37.820310879638,40.0115172747648
1.4596334029676261,-3.5576772775527448
24.85722517472749,22.224138408666036
36.69451862821222,39.54576711367619
29.322389393632214,39.94108990875323
35.15567962073754,40.3561072425478
24.507321349871145,25.733574740129573
35.53557466152699,42.74287447670909
31.408843978448655,31.37352345813707
25.770505610858688,23.267766025251824
22.481561832480832,24.89904760027681
0.4734584648442003,1.1969292369690923
38.562254993107636,48.44422473010106
0.7161612048342751,-1.8009596154099106
27.424764948328264,16.14146107879128
-0.04987553977857129,3.9015976836349084
25.80030926694524,26.98656519448438
28.874710889533993,26.67272363473203
0.5901037424762277,-0.19122839721325863
32.95649515557257,28.96466570419464
27.23280014672367,25.165630973919885
22.747362293696455,21.997122695084624
26.291387920768425,27.257132052659088
31.06972546996147,28.39883687586303
26.952159107155595,23.502229061386377
34.51619436247454,32.426197976846396
24.18861868604159,24.05419371355506
37.821160336789866,42.99158929385308
8.940251483476146,5.748910397798901
25.041485813957607,24.907656447032338
40.16221613660862,38.94940244932564
27.167988547645734,22.81788122642532
12.238821869921702,4.887580772411644
8.145615912041377,1.3948028467793114
36.925647981144216,34.12991813062332
23.756414074126358,23.73484386451244
29.430777959192177,26.86043804176812
31.294434650886505,32.295969609207845
5.5974053342080365,6.474790218185371
38.67769956751052,49.14491756034455
31.9715690872465,32.122318358373086
14.28942791812996,11.270579106991818
32.47472189451713,29.182987868439664
33.80357082630263,35.52484783011104
36.263417233838204,39.655241057269016
5.306203576919209,6.172448688873623
24.46555199618778,26.859484780712858
33.13430993918359,33.90372782895686
22.69458203603202,23.80233682500449
25.39826543700554,25.70104002015878
22.84344423174478,21.343548316703497
23.945086367821187,24.786255383895174
3.0586537663829003,-4.17335378993933
36.477272840346835,43.180433078327695
3.9449493472968302,-1.5126317868351469
42.358704063025165,48.85833715656566
26.7626027908943,26.089829494474156
30.893992427135437,27.579630763105833
29.811387120781625,27.70466730477569
24.933048313086303,22.15975702142879
-0.04819187673315817,-2.373552250988473
-4.977147534374135,-0.11507791375169163
12.305126995186303,5.6192381793013375
-1.9990111932413295,0.6506149443605069
-2.0468721232678133,-2.178467625412414
20.50472289478837,22.377802723716822
33.62563768064373,25.87359421519579
-6.114805344131651,-8.461934982952963
39.57924138213429,39.66313391175736
33.71886773878513,30.940097644177378
-3.4669491966300883,2.7110387339647612
26.592220000701417,25.012667966632968
24.927161645623784,25.959812004238835
-6.636654035129397,-3.6137378864403407
39.849036855433056,47.45192349135196
-7.14636091112588,-8.588757801045235
5.471694428565632,9.615562040380095
35.24567546882135,30.667164334887325
28.68586129464174,28.50984799350395
33.64871967919114,29.933577676741873
-13.775930319308744,-6.340469594913323
34.507147777034284,27.606761378064114
30.051915421583157,25.28195889604911
-11.418298809406435,-8.967542458288529
35.36689507636318,31.99689212749362
2.966190996311496,1.0323204401983535
24.39154035342231,24.43906554673451
23.389218466528305,21.883839061795506
-8.089100476188129,-1.8589866716084797
22.873819863842968,23.305083853967652
25.5649666804285,22.663395187237136
25.294907059148144,26.279194406601157
-1.5917788093050727,-0.247375536049306
4.906458428910279,0.735560123289374
32.113485527689875,37.84709825798483
28.15031602768303,29.595094628530745
35.558573181628915,35.29055002142414
23.16939612741517,22.22921505799801
